Phone Model,Carrier,Condition,Color,Size,Recently Sold Price,Date
apple-iphone-x-a1865,verizon,Good,Gray,256,749,"Oct03,2018-12:04PM"
apple-iphone-x-a1865,verizon,Mint,Silver,256,720,"Oct03,2018-11:28AM"
apple-iphone-x-a1865,verizon,Mint,Gray,64,735,"Oct03,2018-09:12AM"
apple-iphone-x-a1865,verizon,Mint,Gray,256,759,"Oct03,2018-01:55AM"
apple-iphone-x-a1865,verizon,Fair,Gray,256,650,"Oct03,2018-01:19AM"
apple-iphone-x-a1865,att,Mint,Gray,256,879,"Oct02,2018-03:19PM"
apple-iphone-x-a1865,att,Mint,Gray,64,695,"Oct01,2018-10:48AM"
apple-iphone-x-a1865,att,Mint,Gray,256,765,"Oct01,2018-01:01AM"
apple-iphone-x-a1865,att,Mint,Gray,256,850,"Sep29,2018-02:32PM"
apple-iphone-x-a1865,att,Mint,Gray,64,749,"Sep29,2018-12:03PM"
apple-iphone-x-a1865,tmobile,Mint,Gray,64,764,"Sep25,2018-12:59PM"
apple-iphone-x-a1865,tmobile,Good,Silver,256,750,"Sep25,2018-12:32PM"
apple-iphone-x-a1865,tmobile,Good,Gray,256,750,"Sep25,2018-11:53AM"
apple-iphone-x-a1865,tmobile,Mint,Gray,64,700,"Sep25,2018-09:17AM"
apple-iphone-x-a1865,tmobile,Mint,Gray,64,660,"Sep24,2018-02:11PM"
apple-iphone-x-a1865,sprint,New (Resale),Gray,256,775,"Oct02,2018-07:34PM"
apple-iphone-x-a1865,sprint,Mint,Gray,64,630,"Oct02,2018-06:40PM"
apple-iphone-x-a1865,sprint,Mint,Gray,64,675,"Oct02,2018-11:39AM"
apple-iphone-x-a1865,sprint,Mint,Gray,64,670,"Oct02,2018-08:00AM"
apple-iphone-x-a1865,sprint,Good,Gray,64,640,"Oct02,2018-12:41AM"
apple-iphone-se,verizon,Mint,Rose Gold,32,230,"Oct03,2018-12:54PM"
apple-iphone-se,verizon,Fair,Grey,64,115,"Oct03,2018-12:15PM"
apple-iphone-se,verizon,Good,Grey,64,180,"Oct02,2018-08:28PM"
apple-iphone-se,verizon,Mint,Rose Gold,32,230,"Oct02,2018-07:23PM"
apple-iphone-se,verizon,Fair,Grey,16,120,"Oct02,2018-06:51PM"
apple-iphone-se,att,Mint,Rose Gold,64,160,"Oct03,2018-11:25AM"
apple-iphone-se,att,Good,Grey,128,170,"Oct03,2018-12:32AM"
apple-iphone-se,att,Good,Grey,128,185,"Oct02,2018-09:55PM"
apple-iphone-se,att,Good,Rose Gold,16,120,"Oct02,2018-06:31PM"
apple-iphone-se,att,Good,Silver,64,155,"Oct02,2018-03:40PM"
apple-iphone-se,tmobile,Mint,Grey,32,175,"Oct03,2018-01:10PM"
apple-iphone-se,tmobile,Good,Grey,32,225,"Oct03,2018-11:42AM"
apple-iphone-se,tmobile,Good,Rose Gold,64,145,"Oct03,2018-05:28AM"
apple-iphone-se,tmobile,Good,Rose Gold,64,150,"Oct01,2018-12:37AM"
apple-iphone-se,tmobile,Good,Rose Gold,16,119,"Sep30,2018-09:46PM"
apple-iphone-se,sprint,Good,Grey,32,165,"Oct03,2018-09:33AM"
apple-iphone-se,sprint,Good,Rose Gold,16,115,"Oct02,2018-03:14PM"
apple-iphone-se,sprint,Good,Gold,64,155,"Oct02,2018-11:35AM"
apple-iphone-se,sprint,Fair,Grey,16,104,"Sep30,2018-04:23PM"
apple-iphone-se,sprint,Mint,Rose Gold,64,150,"Sep29,2018-10:27PM"
apple-iphone-8-plus-a1864,verizon,Mint,Gray,64,570,"Oct03,2018-01:06PM"
apple-iphone-8-plus-a1864,verizon,Good,Gray,64,540,"Oct03,2018-12:31PM"
apple-iphone-8-plus-a1864,verizon,Mint,Silver,256,615,"Oct03,2018-06:47AM"
apple-iphone-8-plus-a1864,verizon,Good,Gray,64,550,"Oct03,2018-05:20AM"
apple-iphone-8-plus-a1864,verizon,Good,Gray,64,535,"Oct02,2018-11:55PM"
apple-iphone-8-plus-a1864,att,Good,Gold,64,550,"Oct01,2018-06:38PM"
apple-iphone-8-plus-a1864,att,New (Resale),Gray,64,630,"Sep30,2018-10:30PM"
apple-iphone-8-plus-a1864,att,Good,Gold,256,600,"Sep29,2018-01:48PM"
apple-iphone-8-plus-a1864,att,Good,Gray,64,560,"Sep28,2018-05:31AM"
apple-iphone-8-plus-a1864,att,Mint,Gray,256,775,"Sep27,2018-04:42AM"
apple-iphone-8-plus-a1864,sprint,Good,Gray,64,515,"Oct01,2018-08:23PM"
apple-iphone-8-plus-a1864,sprint,Mint,Red,64,585,"Oct01,2018-01:46PM"
apple-iphone-8-plus-a1864,sprint,Mint,Gold,64,530,"Sep29,2018-04:44PM"
apple-iphone-8-plus-a1864,sprint,Mint,Red,256,640,"Sep29,2018-03:30PM"
apple-iphone-8-plus-a1864,sprint,Mint,Gray,64,550,"Sep28,2018-05:10PM"
apple-iphone-8-a1863,verizon,New (Resale),Gray,64,529,"Oct03,2018-09:00AM"
apple-iphone-8-a1863,verizon,Good,Gold,256,544,"Oct03,2018-08:47AM"
apple-iphone-8-a1863,verizon,New (Resale),Gold,64,540,"Oct02,2018-07:13PM"
apple-iphone-8-a1863,verizon,Mint,Gold,256,490,"Oct02,2018-03:41PM"
apple-iphone-8-a1863,verizon,Good,Gray,256,490,"Oct02,2018-02:25PM"
apple-iphone-8-a1863,att,Good,Gold,64,450,"Oct01,2018-04:46PM"
apple-iphone-8-a1863,att,Good,Gray,64,465,"Sep24,2018-07:08PM"
apple-iphone-8-a1863,att,Good,Gray,64,465,"Sep22,2018-07:05PM"
apple-iphone-8-a1863,att,Mint,Gray,64,540,"Sep18,2018-02:55PM"
apple-iphone-8-a1863,att,Good,Silver,64,515,"Sep15,2018-05:59PM"
apple-iphone-8-a1863,tmobile,New (Resale),Gold,64,472,"Sep26,2018-06:46PM"
apple-iphone-8-a1863,tmobile,New (Resale),Gray,64,539,"Sep22,2018-01:37PM"
apple-iphone-8-a1863,tmobile,Mint,Gray,256,450,"Sep20,2018-08:58AM"
apple-iphone-8-a1863,tmobile,Good,Gray,64,479,"Sep11,2018-07:04PM"
apple-iphone-8-a1863,sprint,Good,Red,64,465,"Oct03,2018-10:22AM"
apple-iphone-8-a1863,sprint,Mint,Gray,64,499,"Oct02,2018-03:50PM"
apple-iphone-8-a1863,sprint,Mint,Gold,256,570,"Sep30,2018-08:40PM"
apple-iphone-8-a1863,sprint,Mint,Gold,256,580,"Sep30,2018-07:42PM"
apple-iphone-8-a1863,sprint,Mint,Silver,256,580,"Sep30,2018-11:22AM"
apple-iphone-7-plus-a1661,att,Good,Black,32,445,"Oct02,2018-07:45PM"
apple-iphone-7-plus-a1661,att,Fair,Black,128,330,"Sep29,2018-11:19PM"
apple-iphone-7-plus-a1661,att,Good,Black,128,465,"Sep29,2018-10:43PM"
apple-iphone-7-plus-a1661,att,Mint,Black,128,399,"Sep28,2018-02:10PM"
apple-iphone-7-plus-a1661,att,Good,Black,128,384,"Sep27,2018-06:50AM"
apple-iphone-7-a1660,att,Fair,Rose Gold,32,287,"Oct02,2018-10:19PM"
apple-iphone-7-a1660,att,Good,Black,128,360,"Oct02,2018-06:15PM"
apple-iphone-7-a1660,att,Good,Rose Gold,128,310,"Oct01,2018-10:44PM"
apple-iphone-7-a1660,att,Fair,Black,128,295,"Oct01,2018-03:39PM"
apple-iphone-7-a1660,att,Good,Rose Gold,32,275,"Oct01,2018-01:39PM"
apple-iphone-6s-plus,verizon,Good,Grey,16,210,"Oct03,2018-11:44AM"
apple-iphone-6s-plus,verizon,Good,Silver,128,325,"Oct03,2018-10:40AM"
apple-iphone-6s-plus,verizon,Good,Grey,64,275,"Oct03,2018-09:31AM"
apple-iphone-6s-plus,verizon,Good,Silver,64,220,"Oct03,2018-08:07AM"
apple-iphone-6s-plus,verizon,Good,Grey,128,290,"Oct02,2018-11:39PM"
apple-iphone-6s-plus,att,Good,Grey,16,200,"Oct02,2018-06:44PM"
apple-iphone-6s-plus,att,Good,Grey,64,279,"Oct02,2018-03:09PM"
apple-iphone-6s-plus,att,Good,Grey,128,270,"Oct01,2018-04:35PM"
apple-iphone-6s-plus,att,Good,Gold,64,265,"Oct01,2018-03:19PM"
apple-iphone-6s-plus,att,Good,Silver,64,260,"Oct01,2018-01:51PM"
apple-iphone-6s-plus,tmobile,Good,Silver,128,295,"Oct03,2018-11:16AM"
apple-iphone-6s-plus,tmobile,Good,Grey,64,290,"Oct03,2018-06:48AM"
apple-iphone-6s-plus,tmobile,Good,Silver,128,255,"Oct02,2018-04:42PM"
apple-iphone-6s-plus,tmobile,Mint,Grey,64,340,"Oct01,2018-06:52PM"
apple-iphone-6s-plus,tmobile,Good,Rose Gold,16,240,"Oct01,2018-02:50AM"
apple-iphone-6s-plus,sprint,Good,Gold,32,255,"Oct01,2018-01:03PM"
apple-iphone-6s-plus,sprint,Good,Rose Gold,16,235,"Oct01,2018-11:45AM"
apple-iphone-6s-plus,sprint,Mint,Rose Gold,16,249,"Sep30,2018-02:15PM"
apple-iphone-6s-plus,sprint,Good,Grey,128,399,"Sep29,2018-09:10PM"
apple-iphone-6s-plus,sprint,Good,Rose Gold,64,250,"Sep25,2018-09:05PM"
apple-iphone-6s,verizon,Good,Grey,32,200,"Oct03,2018-01:05PM"
apple-iphone-6s,verizon,Good,Grey,16,195,"Oct03,2018-12:38PM"
apple-iphone-6s,verizon,Good,Gold,64,205,"Oct03,2018-11:55AM"
apple-iphone-6s,verizon,Good,Rose Gold,64,195,"Oct03,2018-10:30AM"
apple-iphone-6s,verizon,Fair,Grey,64,160,"Oct03,2018-08:54AM"
apple-iphone-6s,att,Fair,Silver,128,240,"Oct03,2018-09:33AM"
apple-iphone-6s,att,Fair,Silver,16,145,"Oct02,2018-11:51PM"
apple-iphone-6s,att,Mint,Gold,64,177,"Oct02,2018-11:18PM"
apple-iphone-6s,att,Good,Grey,64,219,"Oct02,2018-08:54PM"
apple-iphone-6s,att,Good,Grey,16,175,"Oct02,2018-01:48PM"
apple-iphone-6s,tmobile,Good,Grey,64,250,"Oct02,2018-05:23PM"
apple-iphone-6s,tmobile,Good,Silver,16,165,"Oct01,2018-04:52PM"
apple-iphone-6s,tmobile,Mint,Grey,16,175,"Oct01,2018-12:09AM"
apple-iphone-6s,tmobile,Good,Gold,64,220,"Sep30,2018-02:36PM"
apple-iphone-6s,tmobile,Good,Rose Gold,64,255,"Sep30,2018-10:47AM"
apple-iphone-6s,sprint,Good,Rose Gold,32,189,"Oct02,2018-11:07PM"
apple-iphone-6s,sprint,Good,Grey,64,219,"Oct02,2018-10:03PM"
apple-iphone-6s,sprint,Good,Silver,16,169,"Oct02,2018-07:59PM"
apple-iphone-6s,sprint,Mint,Grey,64,250,"Oct02,2018-01:22PM"
apple-iphone-6s,sprint,Good,Rose Gold,16,169,"Oct01,2018-11:59PM"
apple-iphone-x-a1865,verizon,Good,Silver,256,710,"Oct05,2018-02:35PM"
apple-iphone-x-a1865,verizon,Mint,Gray,256,740,"Oct05,2018-01:57PM"
apple-iphone-x-a1865,verizon,Mint,Gray,64,720,"Oct05,2018-01:51PM"
apple-iphone-x-a1865,verizon,Mint,Gray,256,749,"Oct05,2018-01:11PM"
apple-iphone-x-a1865,verizon,Good,Silver,64,657,"Oct05,2018-11:56AM"
apple-iphone-x-a1865,att,Mint,Silver,64,620,"Oct04,2018-11:20AM"
apple-iphone-x-a1865,att,Good,Gray,64,685,"Oct18,2018-02:56PM"
apple-iphone-x-a1865,att,Good,Gray,256,750,"Oct03,2018-04:03PM"
apple-iphone-x-a1865,att,Mint,Silver,64,690,"Oct03,2018-01:37PM"
apple-iphone-x-a1865,tmobile,Mint,Silver,64,705,"Oct04,2018-02:40PM"
apple-iphone-x-a1865,sprint,Mint,Gray,64,700,"Oct05,2018-01:08PM"
apple-iphone-x-a1865,sprint,New (Resale),Silver,64,735,"Oct04,2018-05:53AM"
apple-iphone-x-a1865,sprint,Good,Silver,64,645,"Oct04,2018-05:29AM"
apple-iphone-x-a1865,sprint,Mint,Gray,64,650,"Oct03,2018-08:05PM"
apple-iphone-se,verizon,Good,Gold,64,190,"Oct05,2018-02:16PM"
apple-iphone-se,verizon,Fair,Rose Gold,64,135,"Oct05,2018-08:42AM"
apple-iphone-se,verizon,Good,Silver,16,150,"Oct05,2018-01:17AM"
apple-iphone-se,verizon,Mint,Rose Gold,32,240,"Oct04,2018-04:44PM"
apple-iphone-se,verizon,Good,Rose Gold,16,140,"Oct04,2018-03:29PM"
apple-iphone-se,att,Good,Gold,64,145,"Oct05,2018-02:14PM"
apple-iphone-se,att,Good,Rose Gold,64,145,"Oct05,2018-01:58PM"
apple-iphone-se,att,Good,Grey,64,145,"Oct05,2018-12:59PM"
apple-iphone-se,att,Good,Grey,64,145,"Oct04,2018-08:47PM"
apple-iphone-se,att,Mint,Grey,32,155,"Oct04,2018-02:49PM"
apple-iphone-se,tmobile,Good,Rose Gold,64,180,"Oct04,2018-11:35PM"
apple-iphone-se,tmobile,Good,Rose Gold,64,148,"Oct04,2018-10:01PM"
apple-iphone-se,tmobile,Good,Rose Gold,32,145,"Oct04,2018-04:21PM"
apple-iphone-se,tmobile,Mint,Rose Gold,32,180,"Oct04,2018-01:38PM"
apple-iphone-se,tmobile,Good,Rose Gold,32,130,"Oct03,2018-05:12PM"
apple-iphone-se,sprint,Good,Rose Gold,32,165,"Oct04,2018-10:20PM"
apple-iphone-se,sprint,Good,Grey,32,165,"Oct04,2018-11:28AM"
apple-iphone-se,sprint,Good,Grey,32,165,"Oct03,2018-02:21PM"
apple-iphone-se,sprint,Good,Grey,64,175,"Oct03,2018-01:55PM"
apple-iphone-8-plus-a1864,verizon,Good,Silver,64,507,"Oct05,2018-12:09PM"
apple-iphone-8-plus-a1864,verizon,Good,Silver,64,515,"Oct05,2018-02:05AM"
apple-iphone-8-plus-a1864,verizon,Mint,Gray,256,670,"Oct04,2018-11:40PM"
apple-iphone-8-plus-a1864,verizon,Good,Gold,64,510,"Oct04,2018-10:58PM"
apple-iphone-8-plus-a1864,verizon,Mint,Silver,256,650,"Oct04,2018-07:37PM"
apple-iphone-8-plus-a1864,att,Good,Gold,64,579,"Oct05,2018-11:34AM"
apple-iphone-8-plus-a1864,att,Mint,Gray,256,635,"Oct04,2018-07:46PM"
apple-iphone-8-plus-a1864,sprint,Mint,Gray,64,489,"Oct05,2018-02:11AM"
apple-iphone-8-plus-a1864,sprint,Mint,Gold,64,499,"Oct04,2018-07:33PM"
apple-iphone-8-plus-a1864,sprint,Good,Silver,64,505,"Oct04,2018-12:09PM"
apple-iphone-8-plus-a1864,sprint,Mint,Gray,64,490,"Oct03,2018-11:40PM"
apple-iphone-8-plus-a1864,sprint,Good,Gold,64,504,"Oct03,2018-07:14PM"
apple-iphone-8-a1863,verizon,Mint,Gray,64,489,"Oct05,2018-02:32PM"
apple-iphone-8-a1863,verizon,Mint,Gray,64,486,"Oct05,2018-05:33AM"
apple-iphone-8-a1863,verizon,New (Resale),Gray,64,530,"Oct05,2018-01:43AM"
apple-iphone-8-a1863,verizon,New (Resale),Silver,64,495,"Oct04,2018-08:52PM"
apple-iphone-8-a1863,verizon,New (Resale),Silver,64,495,"Oct04,2018-06:08PM"
apple-iphone-8-a1863,att,Mint,Gray,256,530,"Oct04,2018-01:01PM"
apple-iphone-8-a1863,att,Mint,Red,64,540,"Oct03,2018-08:37PM"
apple-iphone-8-a1863,sprint,Mint,Gray,64,490,"Oct04,2018-06:53AM"
apple-iphone-8-a1863,sprint,Mint,Gold,64,510,"Oct03,2018-11:49PM"
apple-iphone-8-a1863,sprint,Mint,Red,64,485,"Oct03,2018-10:32PM"
apple-iphone-8-a1863,sprint,Mint,Silver,64,465,"Oct03,2018-08:33PM"
apple-iphone-7-a1660,att,Good,Black,32,295,"Oct04,2018-03:26PM"
apple-iphone-7-a1660,att,Good,Rose Gold,128,316,"Oct03,2018-08:22PM"
apple-iphone-6s-plus,verizon,Good,Gold,16,250,"Oct05,2018-09:23AM"
apple-iphone-6s-plus,verizon,Good,Grey,64,279,"Oct04,2018-10:12PM"
apple-iphone-6s-plus,verizon,Good,Rose Gold,64,268,"Oct04,2018-09:54PM"
apple-iphone-6s-plus,verizon,Good,Grey,128,275,"Oct04,2018-08:39PM"
apple-iphone-6s-plus,verizon,Good,Rose Gold,64,240,"Oct04,2018-12:34PM"
apple-iphone-6s-plus,att,Mint,Rose Gold,16,225,"Oct05,2018-12:25PM"
apple-iphone-6s-plus,att,Good,Silver,64,275,"Oct05,2018-01:48AM"
apple-iphone-6s-plus,att,Fair,Gold,16,205,"Oct04,2018-11:57PM"
apple-iphone-6s-plus,att,Good,Rose Gold,32,240,"Oct04,2018-10:18PM"
apple-iphone-6s-plus,att,Good,Rose Gold,64,205,"Oct04,2018-04:56PM"
apple-iphone-6s-plus,tmobile,Good,Silver,16,225,"Oct04,2018-08:35PM"
apple-iphone-6s-plus,tmobile,Mint,Grey,64,299,"Oct03,2018-05:22PM"
apple-iphone-6s-plus,sprint,Good,Grey,64,235,"Oct04,2018-10:23PM"
apple-iphone-6s-plus,sprint,Mint,Grey,64,250,"Oct04,2018-10:13PM"
apple-iphone-6s-plus,sprint,Good,Grey,16,230,"Oct03,2018-08:42PM"
apple-iphone-6s,verizon,Good,Rose Gold,64,230,"Oct05,2018-09:41AM"
apple-iphone-6s,verizon,New (Resale),Grey,32,264,"Oct05,2018-09:34AM"
apple-iphone-6s,verizon,Good,Gold,64,190,"Oct05,2018-01:16AM"
apple-iphone-6s,verizon,Good,Silver,32,210,"Oct04,2018-08:35PM"
apple-iphone-6s,verizon,Fair,Grey,64,188,"Oct04,2018-07:30PM"
apple-iphone-6s,att,Good,Gold,32,195,"Oct04,2018-09:54PM"
apple-iphone-6s,att,Good,Grey,64,215,"Oct04,2018-05:14PM"
apple-iphone-6s,att,Fair,Grey,64,179,"Oct04,2018-04:51PM"
apple-iphone-6s,att,Good,Rose Gold,64,215,"Oct04,2018-12:59PM"
apple-iphone-6s,att,Good,Grey,64,216,"Oct04,2018-12:41PM"
apple-iphone-6s,tmobile,Good,Grey,64,210,"Oct05,2018-02:42PM"
apple-iphone-6s,tmobile,Mint,Rose Gold,16,180,"Oct05,2018-02:00PM"
apple-iphone-6s,tmobile,Fair,Gold,16,150,"Oct04,2018-10:59PM"
apple-iphone-6s,tmobile,Good,Rose Gold,16,170,"Oct04,2018-09:16PM"
apple-iphone-6s,tmobile,Good,Grey,16,150,"Oct04,2018-05:34PM"
apple-iphone-6s,sprint,Mint,Grey,64,248,"Oct05,2018-11:47AM"
apple-iphone-6s,sprint,Good,Rose Gold,16,140,"Oct04,2018-05:58PM"
apple-iphone-6s,sprint,Good,Gold,32,210,"Oct04,2018-12:47PM"
apple-iphone-6s,sprint,Mint,Gold,32,140,"Oct04,2018-11:28AM"
apple-iphone-x-a1865,verizon,Good,Gray,64,688,"Oct03,2018-04:55PM"
apple-iphone-x-a1865,verizon,Mint,Gray,256,775,"Oct03,2018-03:23PM"
apple-iphone-x-a1865,verizon,Mint,Silver,256,785,"Oct03,2018-02:40PM"
apple-iphone-se,verizon,Good,Gold,64,145,"Oct03,2018-06:11PM"
apple-iphone-se,verizon,Good,Rose Gold,64,145,"Oct03,2018-03:52PM"
apple-iphone-se,verizon,Good,Grey,16,120,"Oct03,2018-03:47PM"
apple-iphone-se,verizon,Mint,Grey,16,159,"Oct03,2018-02:05PM"
apple-iphone-6s-plus,verizon,Good,Silver,16,235,"Oct03,2018-04:49PM"
apple-iphone-6s-plus,verizon,Fair,Rose Gold,16,240,"Oct03,2018-03:23PM"
apple-iphone-6s-plus,att,Good,Silver,16,230,"Oct03,2018-06:39PM"
apple-iphone-6s-plus,att,Mint,Silver,128,330,"Oct03,2018-05:17PM"
apple-iphone-6s-plus,att,Good,Gold,16,190,"Oct03,2018-03:38PM"
apple-iphone-6s,verizon,Good,Grey,64,232,"Oct03,2018-06:55PM"
apple-iphone-6s,verizon,New (Resale),Grey,32,255,"Oct03,2018-05:11PM"
apple-iphone-6s,verizon,New (Resale),Grey,32,255,"Oct03,2018-05:09PM"
apple-iphone-6s,verizon,Fair,Grey,32,175,"Oct03,2018-04:22PM"
apple-iphone-6s,verizon,Good,Gold,16,179,"Oct03,2018-03:18PM"
apple-iphone-6s,att,Good,Rose Gold,16,169,"Oct03,2018-04:32PM"
apple-iphone-6s,att,Good,Silver,64,219,"Oct03,2018-03:51PM"
apple-iphone-6s,att,Good,Rose Gold,64,220,"Oct03,2018-03:40PM"
apple-iphone-6s,att,Good,Grey,64,224,"Oct03,2018-01:58PM"
apple-iphone-6s,tmobile,Good,Rose Gold,128,250,"Oct03,2018-06:22PM"
apple-iphone-6s,tmobile,Good,Grey,64,205,"Oct03,2018-02:08PM"
apple-iphone-x-a1865,verizon,Mint,Silver,256,740,"Oct04,2018-03:48PM"
apple-iphone-x-a1865,verizon,Mint,Silver,256,720,"Oct04,2018-03:37PM"
apple-iphone-x-a1865,verizon,Mint,Gray,256,720,"Oct04,2018-03:00PM"
apple-iphone-x-a1865,verizon,Mint,Silver,256,705,"Oct04,2018-02:55PM"
apple-iphone-x-a1865,verizon,Mint,Silver,256,775,"Oct04,2018-02:12PM"
apple-iphone-se,verizon,Good,Grey,64,145,"Oct04,2018-02:13PM"
apple-iphone-se,verizon,Good,Grey,64,135,"Oct04,2018-01:07PM"
apple-iphone-se,verizon,Good,Grey,64,145,"Oct04,2018-07:46AM"
apple-iphone-se,att,New (Resale),Grey,32,170,"Oct04,2018-02:40PM"
apple-iphone-8-plus-a1864,verizon,Good,Gold,64,515,"Oct04,2018-05:40PM"
apple-iphone-8-plus-a1864,verizon,Good,Red,64,515,"Oct04,2018-04:48PM"
apple-iphone-8-plus-a1864,verizon,Good,Silver,64,509,"Oct04,2018-12:30PM"
apple-iphone-8-plus-a1864,verizon,Good,Gray,256,550,"Oct04,2018-06:19AM"
apple-iphone-8-plus-a1864,verizon,Mint,Red,256,655,"Oct03,2018-11:15PM"
apple-iphone-8-a1863,verizon,Mint,Gray,256,550,"Oct04,2018-03:42PM"
apple-iphone-8-a1863,verizon,New (Resale),Gray,256,600,"Oct04,2018-02:27PM"
apple-iphone-8-a1863,verizon,Mint,Silver,64,495,"Oct04,2018-11:51AM"
apple-iphone-8-a1863,verizon,New (Resale),Gray,64,530,"Oct04,2018-08:29AM"
apple-iphone-8-a1863,verizon,New (Resale),Gold,64,540,"Oct03,2018-11:58PM"
apple-iphone-6s-plus,att,Good,Gold,64,279,"Oct04,2018-12:27PM"
apple-iphone-6s-plus,att,Good,Silver,128,280,"Oct03,2018-09:38PM"
apple-iphone-6s-plus,att,Good,Grey,128,280,"Oct03,2018-07:34PM"
apple-iphone-6s,verizon,Good,Gold,16,200,"Oct04,2018-05:28PM"
apple-iphone-6s,verizon,Good,Silver,128,280,"Oct04,2018-05:15PM"
apple-iphone-6s,verizon,Good,Grey,16,200,"Oct04,2018-03:29PM"
apple-iphone-6s,verizon,Good,Silver,128,238,"Oct04,2018-02:10PM"
apple-iphone-6s,verizon,Fair,Silver,16,125,"Oct04,2018-11:36AM"
apple-iphone-6s,att,Good,Grey,16,189,"Oct03,2018-09:41PM"
apple-iphone-6s,tmobile,Good,Grey,64,198,"Oct03,2018-09:48PM"
apple-iphone-x-a1865,verizon,Good,Gray,256,650,"Oct02,2018-04:18PM"
apple-iphone-x-a1865,verizon,Mint,Gray,256,759,"Oct02,2018-03:57PM"
apple-iphone-x-a1865,verizon,Good,Silver,256,670,"Oct02,2018-01:20PM"
apple-iphone-x-a1865,verizon,Mint,Gray,256,735,"Oct02,2018-12:12PM"
apple-iphone-x-a1865,verizon,Fair,Silver,64,644,"Oct02,2018-11:53AM"
apple-iphone-x-a1865,sprint,Mint,Silver,64,679,"Oct01,2018-04:21PM"
apple-iphone-x-a1865,sprint,Mint,Gray,64,715,"Oct01,2018-11:16AM"
apple-iphone-se,verizon,Good,Grey,64,195,"Oct02,2018-03:35PM"
apple-iphone-se,verizon,Good,Grey,128,250,"Oct02,2018-02:31PM"
apple-iphone-se,verizon,Good,Grey,16,80,"Oct02,2018-10:53AM"
apple-iphone-se,verizon,Good,Gold,16,125,"Oct02,2018-08:00AM"
apple-iphone-se,verizon,Mint,Silver,64,190,"Oct02,2018-04:40AM"
apple-iphone-se,att,Good,Grey,128,185,"Oct02,2018-10:27AM"
apple-iphone-se,att,Good,Silver,64,150,"Oct02,2018-12:45AM"
apple-iphone-se,att,Good,Grey,32,139,"Oct02,2018-12:24AM"
apple-iphone-se,att,Good,Rose Gold,64,155,"Oct01,2018-04:48PM"
apple-iphone-se,tmobile,Good,Gold,64,160,"Sep30,2018-08:43PM"
apple-iphone-se,tmobile,Fair,Grey,16,120,"Sep29,2018-01:25AM"
apple-iphone-se,tmobile,Good,Grey,32,145,"Sep28,2018-03:47PM"
apple-iphone-se,sprint,Good,Grey,32,155,"Sep29,2018-02:10PM"
apple-iphone-8-plus-a1864,verizon,New (Resale),Silver,256,715,"Oct02,2018-03:01PM"
apple-iphone-8-plus-a1864,verizon,Good,Red,64,475,"Oct01,2018-10:58PM"
apple-iphone-8-plus-a1864,verizon,New (Resale),Gold,64,660,"Oct01,2018-10:51PM"
apple-iphone-8-plus-a1864,verizon,Fair,Gray,256,560,"Oct01,2018-09:29PM"
apple-iphone-8-plus-a1864,verizon,Good,Gray,256,600,"Oct01,2018-08:49PM"
apple-iphone-8-a1863,verizon,Mint,Gray,64,511,"Oct02,2018-01:33PM"
apple-iphone-8-a1863,verizon,Mint,Silver,256,490,"Oct02,2018-12:55PM"
apple-iphone-8-a1863,verizon,Mint,Gray,256,490,"Oct02,2018-12:05PM"
apple-iphone-8-a1863,sprint,Mint,Silver,64,490,"Sep28,2018-03:57PM"
apple-iphone-7-plus-a1661,att,Mint,Black,128,395,"Sep26,2018-10:18PM"
apple-iphone-7-a1660,att,Good,Black,32,252,"Sep30,2018-06:57PM"
apple-iphone-7-a1660,att,Mint,Rose Gold,128,310,"Sep30,2018-02:11PM"
apple-iphone-6s-plus,verizon,Mint,Grey,64,260,"Oct02,2018-11:07AM"
apple-iphone-6s-plus,verizon,Good,Silver,128,260,"Oct02,2018-10:23AM"
apple-iphone-6s-plus,verizon,Good,Grey,64,265,"Oct01,2018-08:17PM"
apple-iphone-6s-plus,verizon,Mint,Rose Gold,16,275,"Oct01,2018-07:24PM"
apple-iphone-6s-plus,verizon,Good,Grey,64,170,"Oct01,2018-03:15PM"
apple-iphone-6s-plus,att,Mint,Rose Gold,128,300,"Oct01,2018-02:50AM"
apple-iphone-6s-plus,tmobile,Good,Grey,64,230,"Sep30,2018-09:30PM"
apple-iphone-6s-plus,tmobile,Good,Silver,64,230,"Sep30,2018-03:52PM"
apple-iphone-6s,verizon,New (Resale),Grey,32,275,"Oct02,2018-12:37PM"
apple-iphone-6s,verizon,Fair,Grey,64,159,"Oct02,2018-11:23AM"
apple-iphone-6s,verizon,New (Resale),Grey,32,265,"Oct02,2018-08:59AM"
apple-iphone-6s,verizon,New (Resale),Grey,32,281,"Oct01,2018-08:27PM"
apple-iphone-6s,verizon,New (Resale),Grey,32,265,"Oct01,2018-07:01PM"
apple-iphone-6s,att,Fair,Silver,64,175,"Oct02,2018-01:08PM"
apple-iphone-6s,att,Good,Rose Gold,128,209,"Oct02,2018-10:02AM"
apple-iphone-6s,att,Good,Rose Gold,64,249,"Oct01,2018-10:53PM"
apple-iphone-6s,att,Mint,Rose Gold,64,155,"Oct01,2018-10:11PM"
apple-iphone-6s,tmobile,Good,Grey,16,175,"Sep30,2018-10:44AM"
apple-iphone-6s,sprint,Good,Grey,16,154,"Oct01,2018-08:37PM"
apple-iphone-6s,sprint,Good,Grey,64,194,"Oct01,2018-07:56PM"
apple-iphone-6s,sprint,Good,Rose Gold,16,169,"Oct01,2018-07:07PM"
apple-iphone-x-a1865,verizon,Mint,Gray,256,687,"Oct04,2018-11:51AM"
apple-iphone-x-a1865,verizon,Good,Silver,256,670,"Oct04,2018-10:29AM"
apple-iphone-x-a1865,verizon,Good,Gray,64,619,"Oct04,2018-08:30AM"
apple-iphone-x-a1865,verizon,Good,Gray,64,710,"Oct04,2018-07:43AM"
apple-iphone-x-a1865,verizon,Mint,Gray,256,795,"Oct04,2018-07:40AM"
apple-iphone-x-a1865,att,Good,Gray,64,685,"Oct04,2018-03:23AM"
apple-iphone-se,verizon,Mint,Grey,128,259,"Oct03,2018-09:40PM"
apple-iphone-se,verizon,Good,Grey,64,135,"Oct03,2018-09:27PM"
apple-iphone-se,verizon,Mint,Grey,128,259,"Oct03,2018-09:02PM"
apple-iphone-se,verizon,Mint,Grey,128,259,"Oct03,2018-08:58PM"
apple-iphone-8-a1863,verizon,Mint,Silver,64,485,"Oct03,2018-10:11PM"
apple-iphone-8-a1863,verizon,Mint,Gray,64,499,"Oct03,2018-08:11PM"
apple-iphone-6s,verizon,Good,Gold,32,203,"Oct04,2018-11:02AM"
apple-iphone-6s,verizon,Good,Gold,64,200,"Oct04,2018-10:49AM"
apple-iphone-6s,verizon,Good,Rose Gold,64,194,"Oct04,2018-10:40AM"
apple-iphone-6s,verizon,Good,Grey,64,210,"Oct04,2018-10:38AM"
apple-iphone-6s,att,Good,Rose Gold,32,189,"Oct03,2018-09:05PM"
apple-iphone-6s,att,Good,Grey,128,230,"Oct03,2018-07:34PM"
apple-iphone-7-plus-a1661,att,Good,Rose Gold,128,365,"Oct08,2018-02:39PM"
apple-iphone-7-plus-a1661,att,Good,Rose Gold,32,415,"Oct08,2018-12:09PM"
apple-iphone-7-plus-a1661,att,Fair,Black,32,370,"Oct07,2018-06:55PM"
apple-iphone-7-plus-a1661,att,Good,Black,128,385,"Oct07,2018-08:47AM"
apple-iphone-7-plus-a1661,att,Mint,Black,128,450,"Oct06,2018-05:53PM"
apple-iphone-7-a1660,att,Fair,Rose Gold,32,270,"Oct07,2018-03:31PM"
apple-iphone-7-a1660,att,Good,Black,32,260,"Oct06,2018-12:55PM"
apple-iphone-7-a1660,att,Good,Silver,32,310,"Oct05,2018-06:19PM"
apple-iphone-7-a1660,att,Good,Black,32,295,"Oct04,2018-03:26PM"
apple-iphone-7-a1660,att,Good,Rose Gold,128,316,"Oct03,2018-08:22PM"